<?xml version="1.0" encoding="utf-8" ?>
<dwsync>
<file name="DefaultController.php" server="42.96.148.46/../home/wwwroot/" local="130348299610000000" remote="130348299610000000" />
<file name="MachineController.php" server="42.96.148.46/../home/wwwroot/" local="130530635511315238" remote="130530635550000000" />
<file name="WordController.php" server="42.96.148.46/../home/wwwroot/" local="130367492030000000" remote="130367492030000000" />
<file name="LeaveController.php" server="42.96.148.46/../home/wwwroot/" local="130367493663938514" remote="130367493680000000" />
<file name="PushController.php" server="42.96.148.46/../home/wwwroot/" local="130469524374458587" remote="130469524380000000" />
<file name="BrandController.php" server="42.96.148.46/../home/wwwroot/" local="130340581950000000" remote="130340581950000000" />
<file name="VersionController.php" server="42.96.148.46/../home/wwwroot/" local="130407973060000000" remote="130407973060000000" />
<file name="ConfigController.php" server="42.96.148.46/../home/wwwroot/" local="130414893419901684" remote="130414893430000000" />
</dwsync>